{
  "train_loss": [
    7.437067218448805,
    5.539916432422141,
    4.861465547395789,
    4.328914030738499,
    3.862714684527853,
    3.4616813763328222,
    3.127787875092548,
    2.816220226495162,
    2.546231015868809,
    2.3019058548885845,
    2.08592361730078,
    1.8956594208012456,
    1.722090386826059,
    1.5624714701072029,
    1.4308138463808142
  ],
  "train_perplexity": [
    1697.7637424164318,
    254.65671752425806,
    129.2134318194569,
    75.86185817383922,
    47.59437988043593,
    31.870517824893778,
    22.8234353681873,
    16.713557668437847,
    12.758924861566948,
    9.993209925245202,
    8.052025037920016,
    6.656936680133239,
    5.596214498918573,
    4.77059707540292,
    4.182101395384805
  ],
  "val_loss": [],
  "val_perplexity": [],
  "learning_rate": [
    0.0003,
    0.0003,
    0.0003,
    0.0003,
    0.0003,
    0.0003,
    0.0003,
    0.0003,
    0.0003,
    0.0003,
    0.0003,
    0.0003,
    0.0003,
    0.0003,
    0.0003
  ]
}